200	index, follow, max-image-preview:large, max-snippet:-1, max-video-preview:-1	SELF	35974	https://pulsesoc.com/
200	index,follow,max-image-preview:large,max-snippet:-1,max-video-preview:-1	SELF	19804	https://pulsesoc.com/about
200	index,follow,max-image-preview:large,max-snippet:-1,max-video-preview:-1	SELF	24439	https://pulsesoc.com/ai-crypto-analysis-tools
200	index,follow,max-image-preview:large,max-snippet:-1,max-video-preview:-1	SELF	23910	https://pulsesoc.com/ai-crypto-assistant
200	index,follow,max-image-preview:large,max-snippet:-1,max-video-preview:-1	SELF	25042	https://pulsesoc.com/ai-market-analysis
200	index,follow,max-image-preview:large,max-snippet:-1,max-video-preview:-1	SELF	24123	https://pulsesoc.com/ai-market-intelligence
200	index,follow,max-image-preview:large,max-snippet:-1,max-video-preview:-1	SELF	23935	https://pulsesoc.com/ai-wallet-scanner
200	index,follow,max-image-preview:large,max-snippet:-1,max-video-preview:-1	SELF	8337	https://pulsesoc.com/alpha-arena
200	index,follow,max-image-preview:large,max-snippet:-1,max-video-preview:-1	SELF	16994	https://pulsesoc.com/app
200	index,follow,max-image-preview:large,max-snippet:-1,max-video-preview:-1	SELF	23134	https://pulsesoc.com/app-preview
200	index,follow	NO_CANONICAL	14978	https://pulsesoc.com/arena-preview
200	index,follow,max-image-preview:large,max-snippet:-1,max-video-preview:-1	SELF	24173	https://pulsesoc.com/bitcoin-prediction
200	index,follow,max-image-preview:large,max-snippet:-1,max-video-preview:-1	SELF	24348	https://pulsesoc.com/blockchain-wallet-intelligence
200	index,follow,max-image-preview:large,max-snippet:-1,max-video-preview:-1	SELF	23978	https://pulsesoc.com/btc-price-prediction
200	index,follow,max-image-preview:large,max-snippet:-1,max-video-preview:-1	SELF	10724	https://pulsesoc.com/contact
200	index,follow,max-image-preview:large,max-snippet:-1,max-video-preview:-1	SELF	24059	https://pulsesoc.com/crypto-education-hub
200	index,follow,max-image-preview:large,max-snippet:-1,max-video-preview:-1	SELF	23682	https://pulsesoc.com/crypto-learning
200	index,follow,max-image-preview:large,max-snippet:-1,max-video-preview:-1	SELF	24327	https://pulsesoc.com/crypto-risk-intelligence
200	index,follow,max-image-preview:large,max-snippet:-1,max-video-preview:-1	SELF	24189	https://pulsesoc.com/crypto-safety
200	index,follow,max-image-preview:large,max-snippet:-1,max-video-preview:-1	SELF	23915	https://pulsesoc.com/crypto-safety-alerts
200	index,follow,max-image-preview:large,max-snippet:-1,max-video-preview:-1	SELF	23977	https://pulsesoc.com/crypto-scam-checker
200	index,follow,max-image-preview:large,max-snippet:-1,max-video-preview:-1	SELF	8353	https://pulsesoc.com/crypto-scam-scanner
200	index,follow,max-image-preview:large,max-snippet:-1,max-video-preview:-1	SELF	24343	https://pulsesoc.com/crypto-scams
200	index,follow,max-image-preview:large,max-snippet:-1,max-video-preview:-1	SELF	8459	https://pulsesoc.com/crypto-training-simulator
200	index,follow,max-image-preview:large,max-snippet:-1,max-video-preview:-1	SELF	22721	https://pulsesoc.com/faq
200	index,follow,max-image-preview:large,max-snippet:-1,max-video-preview:-1	SELF	12491	https://pulsesoc.com/features
200	index,follow,max-image-preview:large,max-snippet:-1,max-video-preview:-1	SELF	14187	https://pulsesoc.com/features/calls
200	index,follow,max-image-preview:large,max-snippet:-1,max-video-preview:-1	SELF	13673	https://pulsesoc.com/features/creator-profiles
200	index,follow,max-image-preview:large,max-snippet:-1,max-video-preview:-1	SELF	14565	https://pulsesoc.com/features/feed
200	index,follow,max-image-preview:large,max-snippet:-1,max-video-preview:-1	SELF	13549	https://pulsesoc.com/features/groups-and-rooms
200	index,follow,max-image-preview:large,max-snippet:-1,max-video-preview:-1	SELF	14139	https://pulsesoc.com/features/live-video
200	index,follow,max-image-preview:large,max-snippet:-1,max-video-preview:-1	SELF	14982	https://pulsesoc.com/features/marketplace
200	index,follow,max-image-preview:large,max-snippet:-1,max-video-preview:-1	SELF	14609	https://pulsesoc.com/features/messages
200	index,follow,max-image-preview:large,max-snippet:-1,max-video-preview:-1	SELF	13069	https://pulsesoc.com/features/reels
200	index,follow,max-image-preview:large,max-snippet:-1,max-video-preview:-1	SELF	25298	https://pulsesoc.com/insights
200	index,follow,max-image-preview:large,max-snippet:-1,max-video-preview:-1	SELF	25212	https://pulsesoc.com/intel
200	index,follow,max-image-preview:large,max-snippet:-1,max-video-preview:-1	SELF	25949	https://pulsesoc.com/intel/ai-crypto-analysis-framework
200	index,follow,max-image-preview:large,max-snippet:-1,max-video-preview:-1	SELF	25771	https://pulsesoc.com/intel/bitcoin-risk-scenarios
200	index,follow,max-image-preview:large,max-snippet:-1,max-video-preview:-1	SELF	26196	https://pulsesoc.com/intel/crypto-scam-alert-checklist
200	index,follow,max-image-preview:large,max-snippet:-1,max-video-preview:-1	SELF	25800	https://pulsesoc.com/intel/sports-edge-position-discipline
200	index,follow,max-image-preview:large,max-snippet:-1,max-video-preview:-1	SELF	26040	https://pulsesoc.com/intel/telegram-crypto-bot-safety-guide
200	index,follow,max-image-preview:large,max-snippet:-1,max-video-preview:-1	SELF	25951	https://pulsesoc.com/intel/wallet-drainer-warning-signs
200	NONE	SELF	4240	https://pulsesoc.com/learn/arena-ranking-system
200	NONE	SELF	4295	https://pulsesoc.com/learn/crypto-risk-management
200	NONE	SELF	4163	https://pulsesoc.com/learn/crypto-scams
200	NONE	SELF	4299	https://pulsesoc.com/learn/crypto-trading-simulator
200	NONE	SELF	4293	https://pulsesoc.com/learn/how-to-detect-phishing
200	NONE	SELF	4244	https://pulsesoc.com/learn/market-psychology
200	NONE	SELF	4290	https://pulsesoc.com/learn/roast-battle-rules
200	index,follow,max-image-preview:large,max-snippet:-1,max-video-preview:-1	SELF	24004	https://pulsesoc.com/live-crypto-market
200	index,follow,max-image-preview:large,max-snippet:-1,max-video-preview:-1	SELF	23156	https://pulsesoc.com/live-market
200	index,follow,max-image-preview:large,max-snippet:-1,max-video-preview:-1	SELF	8297	https://pulsesoc.com/live-roast-battle
200	index,follow,max-image-preview:large,max-snippet:-1,max-video-preview:-1	SELF	25264	https://pulsesoc.com/news
200	index,follow,max-image-preview:large,max-snippet:-1,max-video-preview:-1	SELF	23631	https://pulsesoc.com/platform
200	index,follow,max-image-preview:large,max-snippet:-1,max-video-preview:-1	SELF	23559	https://pulsesoc.com/portfolio-ai
200	index,follow,max-image-preview:large,max-snippet:-1,max-video-preview:-1	SELF	24644	https://pulsesoc.com/portfolio-intelligence
200	NONE	SELF	8752	https://pulsesoc.com/predictions/crypto
200	index,follow,max-image-preview:large,max-snippet:-1,max-video-preview:-1	SELF	24094	https://pulsesoc.com/pricing
200	index, follow, max-image-preview:large	SELF	32913	https://pulsesoc.com/privacy
200	index,follow,max-image-preview:large,max-snippet:-1,max-video-preview:-1	SELF	36434	https://pulsesoc.com/pulse/marketplace
200	index,follow,max-image-preview:large,max-snippet:-1,max-video-preview:-1	SELF	18430	https://pulsesoc.com/pulse/marketplace/102
200	index,follow,max-image-preview:large,max-snippet:-1,max-video-preview:-1	SELF	21818	https://pulsesoc.com/pulse/marketplace/104
200	index,follow,max-image-preview:large,max-snippet:-1,max-video-preview:-1	SELF	34094	https://pulsesoc.com/pulse/marketplace/105
200	index,follow,max-image-preview:large,max-snippet:-1,max-video-preview:-1	SELF	30138	https://pulsesoc.com/pulse/marketplace/106
200	index,follow,max-image-preview:large,max-snippet:-1,max-video-preview:-1	SELF	29180	https://pulsesoc.com/pulse/marketplace/108
200	index,follow,max-image-preview:large,max-snippet:-1,max-video-preview:-1	SELF	18698	https://pulsesoc.com/pulse/marketplace/111
200	index,follow,max-image-preview:large,max-snippet:-1,max-video-preview:-1	SELF	16645	https://pulsesoc.com/pulse/marketplace/112
200	index,follow,max-image-preview:large,max-snippet:-1,max-video-preview:-1	SELF	17507	https://pulsesoc.com/pulse/marketplace/113
200	index,follow,max-image-preview:large,max-snippet:-1,max-video-preview:-1	SELF	13867	https://pulsesoc.com/pulse/marketplace/119
200	index,follow,max-image-preview:large,max-snippet:-1,max-video-preview:-1	SELF	15755	https://pulsesoc.com/pulse/marketplace/126
200	index,follow,max-image-preview:large,max-snippet:-1,max-video-preview:-1	SELF	18392	https://pulsesoc.com/pulse/marketplace/14
200	index,follow,max-image-preview:large,max-snippet:-1,max-video-preview:-1	SELF	31495	https://pulsesoc.com/pulse/marketplace/15
200	index,follow,max-image-preview:large,max-snippet:-1,max-video-preview:-1	SELF	14427	https://pulsesoc.com/pulse/marketplace/155
200	index,follow,max-image-preview:large,max-snippet:-1,max-video-preview:-1	SELF	15784	https://pulsesoc.com/pulse/marketplace/163
200	index,follow,max-image-preview:large,max-snippet:-1,max-video-preview:-1	SELF	26930	https://pulsesoc.com/pulse/marketplace/17
200	index,follow,max-image-preview:large,max-snippet:-1,max-video-preview:-1	SELF	13974	https://pulsesoc.com/pulse/marketplace/21
200	index,follow,max-image-preview:large,max-snippet:-1,max-video-preview:-1	SELF	15389	https://pulsesoc.com/pulse/marketplace/24
200	index,follow,max-image-preview:large,max-snippet:-1,max-video-preview:-1	SELF	18579	https://pulsesoc.com/pulse/marketplace/26
200	index,follow,max-image-preview:large,max-snippet:-1,max-video-preview:-1	SELF	15558	https://pulsesoc.com/pulse/marketplace/27
200	index,follow,max-image-preview:large,max-snippet:-1,max-video-preview:-1	SELF	33460	https://pulsesoc.com/pulse/marketplace/35
200	index,follow,max-image-preview:large,max-snippet:-1,max-video-preview:-1	SELF	50375	https://pulsesoc.com/pulse/marketplace/36
200	index,follow,max-image-preview:large,max-snippet:-1,max-video-preview:-1	SELF	17745	https://pulsesoc.com/pulse/marketplace/37
200	index,follow,max-image-preview:large,max-snippet:-1,max-video-preview:-1	SELF	21151	https://pulsesoc.com/pulse/marketplace/40
200	index,follow,max-image-preview:large,max-snippet:-1,max-video-preview:-1	SELF	19447	https://pulsesoc.com/pulse/marketplace/42
200	index,follow,max-image-preview:large,max-snippet:-1,max-video-preview:-1	SELF	39873	https://pulsesoc.com/pulse/marketplace/44
200	index,follow,max-image-preview:large,max-snippet:-1,max-video-preview:-1	SELF	24574	https://pulsesoc.com/pulse/marketplace/45
200	index,follow,max-image-preview:large,max-snippet:-1,max-video-preview:-1	SELF	37587	https://pulsesoc.com/pulse/marketplace/46
200	index,follow,max-image-preview:large,max-snippet:-1,max-video-preview:-1	SELF	18966	https://pulsesoc.com/pulse/marketplace/47
200	index,follow,max-image-preview:large,max-snippet:-1,max-video-preview:-1	SELF	19139	https://pulsesoc.com/pulse/marketplace/48
200	index,follow,max-image-preview:large,max-snippet:-1,max-video-preview:-1	SELF	23526	https://pulsesoc.com/pulse/marketplace/51
200	index,follow,max-image-preview:large,max-snippet:-1,max-video-preview:-1	SELF	14246	https://pulsesoc.com/pulse/marketplace/54
200	index,follow,max-image-preview:large,max-snippet:-1,max-video-preview:-1	SELF	15194	https://pulsesoc.com/pulse/marketplace/70
200	index,follow,max-image-preview:large,max-snippet:-1,max-video-preview:-1	SELF	18878	https://pulsesoc.com/pulse/marketplace/85
200	index,follow,max-image-preview:large,max-snippet:-1,max-video-preview:-1	SELF	18918	https://pulsesoc.com/pulse/marketplace/86
200	index,follow,max-image-preview:large,max-snippet:-1,max-video-preview:-1	SELF	28138	https://pulsesoc.com/pulse/marketplace/89
200	index,follow,max-image-preview:large,max-snippet:-1,max-video-preview:-1	SELF	31851	https://pulsesoc.com/pulse/marketplace/90
200	index,follow,max-image-preview:large,max-snippet:-1,max-video-preview:-1	SELF	20557	https://pulsesoc.com/pulse/marketplace/91
200	index,follow,max-image-preview:large,max-snippet:-1,max-video-preview:-1	SELF	18090	https://pulsesoc.com/pulse/marketplace/92
200	index,follow,max-image-preview:large,max-snippet:-1,max-video-preview:-1	SELF	27928	https://pulsesoc.com/pulse/marketplace/96
200	index,follow,max-image-preview:large,max-snippet:-1,max-video-preview:-1	SELF	24644	https://pulsesoc.com/pulse/marketplace/97
200	index,follow,max-image-preview:large,max-snippet:-1,max-video-preview:-1	SELF	21323	https://pulsesoc.com/pulse/marketplace/98
200	index,follow,max-image-preview:large,max-snippet:-1,max-video-preview:-1	SELF	12858	https://pulsesoc.com/pulse/marketplace?category=health-beauty-hair
200	index,follow,max-image-preview:large,max-snippet:-1,max-video-preview:-1	SELF	13402	https://pulsesoc.com/pulse/marketplace?category=home-garden-furniture
200	index,follow,max-image-preview:large,max-snippet:-1,max-video-preview:-1	SELF	18837	https://pulsesoc.com/pulse/marketplace?category=mens-clothing
200	index,follow,max-image-preview:large,max-snippet:-1,max-video-preview:-1	SELF	23834	https://pulsesoc.com/pulse/marketplace?category=womens-clothing
200	index,follow,max-image-preview:large,max-snippet:-1,max-video-preview:-1	SELF	13487	https://pulsesoc.com/pulse/post/1782
200	index,follow,max-image-preview:large,max-snippet:-1,max-video-preview:-1	SELF	15341	https://pulsesoc.com/pulse/post/2500
200	index,follow,max-image-preview:large,max-snippet:-1,max-video-preview:-1	SELF	13579	https://pulsesoc.com/pulse/post/2502
200	index,follow,max-image-preview:large,max-snippet:-1,max-video-preview:-1	SELF	15215	https://pulsesoc.com/pulse/post/2507
200	index,follow,max-image-preview:large,max-snippet:-1,max-video-preview:-1	SELF	14837	https://pulsesoc.com/pulse/post/2509
200	index,follow,max-image-preview:large,max-snippet:-1,max-video-preview:-1	SELF	15090	https://pulsesoc.com/pulse/post/2510
200	index,follow,max-image-preview:large,max-snippet:-1,max-video-preview:-1	SELF	15078	https://pulsesoc.com/pulse/post/2541
200	index,follow,max-image-preview:large,max-snippet:-1,max-video-preview:-1	SELF	13744	https://pulsesoc.com/pulse/post/2555
200	index,follow,max-image-preview:large,max-snippet:-1,max-video-preview:-1	SELF	15272	https://pulsesoc.com/pulse/post/2561
200	index,follow,max-image-preview:large,max-snippet:-1,max-video-preview:-1	SELF	13543	https://pulsesoc.com/pulse/post/2563
200	index,follow,max-image-preview:large,max-snippet:-1,max-video-preview:-1	SELF	13661	https://pulsesoc.com/pulse/post/2565
200	index,follow,max-image-preview:large,max-snippet:-1,max-video-preview:-1	SELF	13529	https://pulsesoc.com/pulse/post/2566
200	index,follow,max-image-preview:large,max-snippet:-1,max-video-preview:-1	SELF	13731	https://pulsesoc.com/pulse/post/2567
200	index,follow,max-image-preview:large,max-snippet:-1,max-video-preview:-1	SELF	13477	https://pulsesoc.com/pulse/post/2600
200	index,follow,max-image-preview:large,max-snippet:-1,max-video-preview:-1	SELF	15127	https://pulsesoc.com/pulse/post/2676
200	index,follow,max-image-preview:large,max-snippet:-1,max-video-preview:-1	SELF	23809	https://pulsesoc.com/pwa-crypto-app
200	NONE	SELF	8921	https://pulsesoc.com/quote
200	NONE	SELF	9480	https://pulsesoc.com/quote/crypto/BTC
200	NONE	SELF	9480	https://pulsesoc.com/quote/crypto/ETH
200	index,follow,max-image-preview:large,max-snippet:-1,max-video-preview:-1	SELF	10831	https://pulsesoc.com/refund-policy
200	index,follow,max-image-preview:large,max-snippet:-1,max-video-preview:-1	SELF	10850	https://pulsesoc.com/returns
200	index,follow,max-image-preview:large,max-snippet:-1,max-video-preview:-1	SELF	23018	https://pulsesoc.com/safety
200	index,follow,max-image-preview:large,max-snippet:-1,max-video-preview:-1	SELF	23924	https://pulsesoc.com/scam-alerts
200	index,follow,max-image-preview:large,max-snippet:-1,max-video-preview:-1	SELF	22757	https://pulsesoc.com/scam-guide
200	index,follow,max-image-preview:large,max-snippet:-1,max-video-preview:-1	SELF	11082	https://pulsesoc.com/shipping
200	index,follow,max-image-preview:large,max-snippet:-1,max-video-preview:-1	SELF	24176	https://pulsesoc.com/sports-betting-intelligence
200	NONE	SELF	5643	https://pulsesoc.com/sports-edge
200	index,follow,max-image-preview:large,max-snippet:-1,max-video-preview:-1	SELF	25291	https://pulsesoc.com/sports-edge/live-games
200	index,follow,max-image-preview:large,max-snippet:-1,max-video-preview:-1	SELF	25277	https://pulsesoc.com/sports-edge/mlb
200	index,follow,max-image-preview:large,max-snippet:-1,max-video-preview:-1	SELF	25296	https://pulsesoc.com/sports-edge/nba
200	index,follow,max-image-preview:large,max-snippet:-1,max-video-preview:-1	SELF	25252	https://pulsesoc.com/sports-edge/nfl
200	index,follow,max-image-preview:large,max-snippet:-1,max-video-preview:-1	SELF	25323	https://pulsesoc.com/sports-edge/nhl
200	index,follow,max-image-preview:large,max-snippet:-1,max-video-preview:-1	SELF	25357	https://pulsesoc.com/sports-edge/soccer
200	index,follow,max-image-preview:large,max-snippet:-1,max-video-preview:-1	SELF	25290	https://pulsesoc.com/sports-edge/tennis
200	index,follow,max-image-preview:large,max-snippet:-1,max-video-preview:-1	SELF	23806	https://pulsesoc.com/sports-intelligence-ai
200	index,follow,max-image-preview:large,max-snippet:-1,max-video-preview:-1	SELF	24691	https://pulsesoc.com/telegram-crypto-bot
200	index,follow,max-image-preview:large,max-snippet:-1,max-video-preview:-1	SELF	24391	https://pulsesoc.com/telegram-trading-assistant
200	index, follow, max-image-preview:large	SELF	27354	https://pulsesoc.com/terms
200	index,follow,max-image-preview:large,max-snippet:-1,max-video-preview:-1	SELF	24108	https://pulsesoc.com/trending-crypto
200	index,follow,max-image-preview:large,max-snippet:-1,max-video-preview:-1	SELF	24182	https://pulsesoc.com/wallet-security
200	index,follow,max-image-preview:large,max-snippet:-1,max-video-preview:-1	SELF	24019	https://pulsesoc.com/whale-alerts
200	index,follow,max-image-preview:large,max-snippet:-1,max-video-preview:-1	SELF	23793	https://pulsesoc.com/whale-alerts-telegram-bot
200	index,follow,max-image-preview:large,max-snippet:-1,max-video-preview:-1	SELF	23624	https://pulsesoc.com/whale-tracker
