Domain,Surface,User action,Source file,Source symbol,Current destination type,Current destination,Expected destination type,Expected Native destination,Blocker ID,Severity,Status,Notes
Navigation hub,Master Navigation Drawer,Tap Home,mobile-native/src/navigation/masterNavigation.ts,masterNavigation,native,/pulse,native_route,/pulse,,,PASS,Native PulseSoc Home and feed.
Dashboard,Master Navigation Drawer,Tap Dashboard,mobile-native/src/navigation/masterNavigation.ts,masterNavigation,native,/pulse/dashboard,native_route,/pulse/dashboard,,,PASS,User dashboard command center.
Navigation hub,Master Navigation Drawer,Tap Search,mobile-native/src/navigation/masterNavigation.ts,masterNavigation,native,/pulse/search,native_route,/pulse/search,,,PASS,"Find people, posts, groups, commerce, and signals."
Navigation hub,Master Navigation Drawer,Tap Activity Inbox,mobile-native/src/navigation/masterNavigation.ts,masterNavigation,native,/pulse/activity,native_route,/pulse/activity,,,PASS,"Unified notifications, messages, calls, commerce, and safety events."
Navigation hub,Master Navigation Drawer,Tap Settings,mobile-native/src/navigation/masterNavigation.ts,masterNavigation,native,/pulse/settings,native_route,/pulse/settings,,,PASS,"Preferences, account, support, and legal routing."
Messages,Master Navigation Drawer,Tap Messages,mobile-native/src/navigation/masterNavigation.ts,masterNavigation,native,/pulse/messages,native_route,/pulse/messages,,,PASS,Native Messenger inbox.
Messages,Master Navigation Drawer,Tap Calls,mobile-native/src/navigation/masterNavigation.ts,masterNavigation,shell,/pulse/calls/qa-call-1,native_route,/pulse/calls/qa-call-1,,,PARTIAL,Native calls foundation and call room shell.
Navigation hub,Master Navigation Drawer,Tap Profile,mobile-native/src/navigation/masterNavigation.ts,masterNavigation,native,/pulse/profile,native_route,/pulse/profile,,,PASS,Digital identity hub.
Navigation hub,Master Navigation Drawer,Tap Profile Edit,mobile-native/src/navigation/masterNavigation.ts,masterNavigation,native,/pulse/profile/edit,native_route,/pulse/profile/edit,,,PASS,Edit public identity and profile state.
Messages,Master Navigation Drawer,Tap Groups,mobile-native/src/navigation/masterNavigation.ts,masterNavigation,native,/pulse/groups,native_route,/pulse/groups,,,PASS,Communities and rooms.
Navigation hub,Master Navigation Drawer,Tap Saved,mobile-native/src/navigation/masterNavigation.ts,masterNavigation,native,/pulse/saved,native_route,/pulse/saved,,,PASS,"Saved posts, media, and collections."
Navigation hub,Master Navigation Drawer,Tap Create Post,mobile-native/src/navigation/masterNavigation.ts,masterNavigation,native,/pulse/compose,native_route,/pulse/compose,,,PASS,Open the Home composer.
Navigation hub,Master Navigation Drawer,Tap Camera,mobile-native/src/navigation/masterNavigation.ts,masterNavigation,native,/pulse/camera/photo?target=feed,native_route,/pulse/camera/photo?target=feed,,,PASS,Native Camera Studio entry.
Navigation hub,Master Navigation Drawer,Tap Creator Studio,mobile-native/src/navigation/masterNavigation.ts,masterNavigation,native,/pulse/creator-studio,native_route,/pulse/creator-studio,,,PASS,Creator dashboard and shortcuts.
Navigation hub,Master Navigation Drawer,Tap Content Planner,mobile-native/src/navigation/masterNavigation.ts,masterNavigation,shell,/dashboard/creator/content-planner,native_route,/dashboard/creator/content-planner,,,PARTIAL,"Planner, scheduler, and draft shell."
Navigation hub,Master Navigation Drawer,Tap Draft Studio,mobile-native/src/navigation/masterNavigation.ts,masterNavigation,shell,/dashboard/creator/draft-studio,native_route,/dashboard/creator/draft-studio,,,PARTIAL,Creator drafts and content staging.
Navigation hub,Master Navigation Drawer,Tap Growth Center,mobile-native/src/navigation/masterNavigation.ts,masterNavigation,native,/pulse/growth,native_route,/pulse/growth,,,PASS,"Promotion, analytics, eligibility, and growth overview."
Navigation hub,Master Navigation Drawer,Tap Courses,mobile-native/src/navigation/masterNavigation.ts,masterNavigation,native,/pulse/courses,native_route,/pulse/courses,,,PASS,Courses and learning gateway.
Navigation hub,Master Navigation Drawer,Tap Events,mobile-native/src/navigation/masterNavigation.ts,masterNavigation,native,/pulse/events,native_route,/pulse/events,,,PASS,Events and scheduled Live gateway.
Navigation hub,Master Navigation Drawer,Tap Reels,mobile-native/src/navigation/masterNavigation.ts,masterNavigation,native,/pulse/reels,native_route,/pulse/reels,,,PASS,Native Reels viewer.
Navigation hub,Master Navigation Drawer,Tap Status,mobile-native/src/navigation/masterNavigation.ts,masterNavigation,native,/pulse/status,native_route,/pulse/status,,,PASS,Status viewer and rail.
Navigation hub,Master Navigation Drawer,Tap Add Status,mobile-native/src/navigation/masterNavigation.ts,masterNavigation,native,/pulse/status/create,native_route,/pulse/status/create,,,PASS,Status creator entry.
Navigation hub,Master Navigation Drawer,Tap Live Viewer,mobile-native/src/navigation/masterNavigation.ts,masterNavigation,native,/pulse/live,native_route,/pulse/live,,,PASS,Native Live discovery and viewer foundation.
Navigation hub,Master Navigation Drawer,Tap Live Studio,mobile-native/src/navigation/masterNavigation.ts,masterNavigation,native,/pulse/live/studio,native_route,/pulse/live/studio,,,PASS,Native pre-flight (device/camera/network readiness + setup) that starts a native LiveKit broadcast in-app.
Navigation hub,Master Navigation Drawer,Tap Pulse Radio,mobile-native/src/navigation/masterNavigation.ts,masterNavigation,native,/pulse/music#pulse-radio,native_route,/pulse/music#pulse-radio,,,PASS,"Native PulseSoc Music, upload portal, and approved radio pool."
Marketplace / Commerce,Master Navigation Drawer,Tap Marketplace,mobile-native/src/navigation/masterNavigation.ts,masterNavigation,native,/pulse/marketplace,native_route,/pulse/marketplace,,,PASS,Native marketplace browse and media payloads.
Marketplace / Commerce,Master Navigation Drawer,Tap Seller Store,mobile-native/src/navigation/masterNavigation.ts,masterNavigation,native,/pulse/seller-store,native_route,/pulse/seller-store,,,PASS,Seller lifecycle and store management.
Marketplace / Commerce,Master Navigation Drawer,Tap Create Listing,mobile-native/src/navigation/masterNavigation.ts,masterNavigation,native,/pulse/marketplace/create,native_route,/pulse/marketplace/create,,,PASS,Seller listing composer.
Marketplace / Commerce,Master Navigation Drawer,Tap Seller Inventory,mobile-native/src/navigation/masterNavigation.ts,masterNavigation,shell,/dashboard/economy/seller-tools,native_route,/dashboard/economy/seller-tools,,,PARTIAL,Seller-owned listings and inventory controls.
Marketplace / Commerce,Master Navigation Drawer,Tap Buyer Orders,mobile-native/src/navigation/masterNavigation.ts,masterNavigation,native,/pulse/orders,native_route,/pulse/orders,,,PASS,Purchase history and buyer commerce state.
Marketplace / Commerce,Master Navigation Drawer,Tap Premium,mobile-native/src/navigation/masterNavigation.ts,masterNavigation,native,/pulse/premium,native_route,/pulse/premium,,,PASS,"Premium plan, entitlements, and billing boundaries."
UNDX / Intelligence,Master Navigation Drawer,Tap UNDX,mobile-native/src/navigation/masterNavigation.ts,masterNavigation,native,/pulse/ai,native_route,/pulse/ai,,,PASS,Digital Intelligence Companion.
UNDX / Intelligence,Master Navigation Drawer,Tap Intelligence Center,mobile-native/src/navigation/masterNavigation.ts,masterNavigation,native,/pulse/intelligence,native_route,/pulse/intelligence,,,PASS,"Streams, events, forecasts, sources, and alert overview."
UNDX / Intelligence,Master Navigation Drawer,Tap Alert Management,mobile-native/src/navigation/masterNavigation.ts,masterNavigation,native,/pulse/alerts,native_route,/pulse/alerts,,,PASS,"Crypto, market, and intelligence alert controls."
UNDX / Intelligence,Master Navigation Drawer,Tap Crypto Command,mobile-native/src/navigation/masterNavigation.ts,masterNavigation,shell,/dashboard/crypto/alerts,native_route,/dashboard/crypto/alerts,,,PARTIAL,Crypto alerts and command-center shell.
UNDX / Intelligence,Master Navigation Drawer,Tap Watchlists,mobile-native/src/navigation/masterNavigation.ts,masterNavigation,shell,/dashboard/crypto/watchlists,native_route,/dashboard/crypto/watchlists,,,PARTIAL,Crypto and market watchlist shell.
UNDX / Intelligence,Master Navigation Drawer,Tap Scam Shield,mobile-native/src/navigation/masterNavigation.ts,masterNavigation,native,/scam-shield/scan,native_route,/scam-shield/scan,,,PASS,Scam and safety scan gateway.
Account / Security,Master Navigation Drawer,Tap Account Center,mobile-native/src/navigation/masterNavigation.ts,masterNavigation,native,/dashboard/account/settings,native_route,/dashboard/account/settings,,,PASS,"Account, settings, and preferences."
Account / Security,Master Navigation Drawer,Tap Security Center,mobile-native/src/navigation/masterNavigation.ts,masterNavigation,native,/dashboard/account/security,native_route,/dashboard/account/security,,,PASS,"Password, sessions, devices, and active security state."
Account / Security,Master Navigation Drawer,Tap Privacy Center,mobile-native/src/navigation/masterNavigation.ts,masterNavigation,native,/pulse/settings/privacy,native_route,/pulse/settings/privacy,,,PASS,Privacy settings and boundaries.
Account / Security,Master Navigation Drawer,Tap Verification,mobile-native/src/navigation/masterNavigation.ts,masterNavigation,native,/pulse/verification,native_route,/pulse/verification,,,PASS,Identity and badge verification.
Account / Security,Master Navigation Drawer,Tap Account Health,mobile-native/src/navigation/masterNavigation.ts,masterNavigation,native,/pulse/account-health,native_route,/pulse/account-health,,,PASS,"Standing, enforcement history, and appeals."
Account / Security,Master Navigation Drawer,Tap Safety Hub,mobile-native/src/navigation/masterNavigation.ts,masterNavigation,native,/pulse/safety,native_route,/pulse/safety,,,PASS,"Blocks, mutes, reports, and safety controls."
Account / Security,Master Navigation Drawer,Tap Support,mobile-native/src/navigation/masterNavigation.ts,masterNavigation,native,/pulse/support,native_route,/pulse/support,,,PASS,"Trust, safety, and support shell."
Navigation hub,Master Navigation Drawer,Tap Notifications,mobile-native/src/navigation/masterNavigation.ts,masterNavigation,native,/pulse/notifications,native_route,/pulse/notifications,,,PASS,Notification and activity categories.
Navigation hub,Master Navigation Drawer,Tap Notification Preferences,mobile-native/src/navigation/masterNavigation.ts,masterNavigation,shell,/dashboard/network/notifications,native_route,/dashboard/network/notifications,,,PARTIAL,Notification settings shell.
Legal / Privacy,Master Navigation Drawer,Tap Terms,mobile-native/src/navigation/masterNavigation.ts,masterNavigation,fallback,/terms,native_route,/terms,NRB-008,P2,BLOCKED,Legal document provider boundary.
Legal / Privacy,Master Navigation Drawer,Tap Privacy Policy,mobile-native/src/navigation/masterNavigation.ts,masterNavigation,fallback,/privacy,native_route,/privacy,NRB-009,P2,BLOCKED,Legal document provider boundary.
Navigation hub,Master Navigation Drawer,Tap System Status,mobile-native/src/navigation/masterNavigation.ts,masterNavigation,shell,/dashboard/system/feed,native_route,/dashboard/system/feed,,,PARTIAL,Native dashboard module shell.
Navigation / Routing,Root stack,Navigate to UserDashboard,mobile-native/src/navigation/AppNavigator.tsx,UserDashboardScreen,native_screen,UserDashboard,native_screen,UserDashboard,,,PASS,Registered native stack screen; workflow parity still depends on surface-specific blockers.
Navigation / Routing,Root stack,Navigate to UserDashboardWeb,mobile-native/src/navigation/AppNavigator.tsx,UserDashboardScreen,native_screen,UserDashboardWeb,native_screen,UserDashboardWeb,,,PASS,Registered native stack screen; workflow parity still depends on surface-specific blockers.
Navigation / Routing,Root stack,Navigate to DashboardComposeAlias,mobile-native/src/navigation/AppNavigator.tsx,DashboardActionAliasScreen,native_screen,DashboardComposeAlias,native_screen,DashboardComposeAlias,,,PASS,Registered native stack screen; workflow parity still depends on surface-specific blockers.
Navigation / Routing,Root stack,Navigate to DashboardMusicAlias,mobile-native/src/navigation/AppNavigator.tsx,DashboardActionAliasScreen,native_screen,DashboardMusicAlias,native_screen,DashboardMusicAlias,,,PASS,Registered native stack screen; workflow parity still depends on surface-specific blockers.
Navigation / Routing,Root stack,Navigate to Music,mobile-native/src/navigation/AppNavigator.tsx,MusicScreen,native_screen,Music,native_screen,Music,,,PASS,Registered native stack screen; workflow parity still depends on surface-specific blockers.
Navigation / Routing,Root stack,Navigate to PulseQueue,mobile-native/src/navigation/AppNavigator.tsx,PulseQueueScreen,native_screen,PulseQueue,native_screen,PulseQueue,,,PASS,Registered native stack screen; workflow parity still depends on surface-specific blockers.
Navigation / Routing,Root stack,Navigate to DashboardLegacyModule,mobile-native/src/navigation/AppNavigator.tsx,DashboardLegacyModuleScreen,native_screen,DashboardLegacyModule,native_screen,DashboardLegacyModule,,,PASS,Registered native stack screen; workflow parity still depends on surface-specific blockers.
Navigation / Routing,Root stack,Navigate to DashboardModuleDetail,mobile-native/src/navigation/AppNavigator.tsx,DashboardModuleDetailScreen,native_screen,DashboardModuleDetail,native_screen,DashboardModuleDetail,,,PASS,Registered native stack screen; workflow parity still depends on surface-specific blockers.
Navigation / Routing,Root stack,Navigate to CameraStudio,mobile-native/src/navigation/AppNavigator.tsx,CameraStudioScreen,native_screen,CameraStudio,native_screen,CameraStudio,,,PASS,Registered native stack screen; workflow parity still depends on surface-specific blockers.
Navigation / Routing,Root stack,Navigate to ContentPreview,mobile-native/src/navigation/AppNavigator.tsx,ContentPreviewScreen,native_screen,ContentPreview,native_screen,ContentPreview,,,PASS,Registered native stack screen; workflow parity still depends on surface-specific blockers.
Navigation / Routing,Root stack,Navigate to Call,mobile-native/src/navigation/AppNavigator.tsx,CallScreen,native_screen,Call,native_screen,Call,,,PASS,Registered native stack screen; workflow parity still depends on surface-specific blockers.
Navigation / Routing,Root stack,Navigate to Chat,mobile-native/src/navigation/AppNavigator.tsx,ChatScreen,native_screen,Chat,native_screen,Chat,,,PASS,Registered native stack screen; workflow parity still depends on surface-specific blockers.
Navigation / Routing,Root stack,Navigate to NewChat,mobile-native/src/navigation/AppNavigator.tsx,NewChatScreen,native_screen,NewChat,native_screen,NewChat,,,PASS,Registered native stack screen; workflow parity still depends on surface-specific blockers.
Navigation / Routing,Root stack,Navigate to PostDetail,mobile-native/src/navigation/AppNavigator.tsx,PostDetailScreen,native_screen,PostDetail,native_screen,PostDetail,,,PASS,Registered native stack screen; workflow parity still depends on surface-specific blockers.
Navigation / Routing,Root stack,Navigate to Reels,mobile-native/src/navigation/AppNavigator.tsx,ReelsScreen,native_screen,Reels,native_screen,Reels,,,PASS,Registered native stack screen; workflow parity still depends on surface-specific blockers.
Navigation / Routing,Root stack,Navigate to ReelDetail,mobile-native/src/navigation/AppNavigator.tsx,ReelsScreen,native_screen,ReelDetail,native_screen,ReelDetail,,,PASS,Registered native stack screen; workflow parity still depends on surface-specific blockers.
Navigation / Routing,Root stack,Navigate to StatusDetail,mobile-native/src/navigation/AppNavigator.tsx,StatusScreen,native_screen,StatusDetail,native_screen,StatusDetail,,,PASS,Registered native stack screen; workflow parity still depends on surface-specific blockers.
Navigation / Routing,Root stack,Navigate to MarketplaceDetail,mobile-native/src/navigation/AppNavigator.tsx,MarketplaceScreen,native_screen,MarketplaceDetail,native_screen,MarketplaceDetail,,,PASS,Registered native stack screen; workflow parity still depends on surface-specific blockers.
Navigation / Routing,Root stack,Navigate to SellerStore,mobile-native/src/navigation/AppNavigator.tsx,SellerStoreScreen,native_screen,SellerStore,native_screen,SellerStore,,,PASS,Registered native stack screen; workflow parity still depends on surface-specific blockers.
Navigation / Routing,Root stack,Navigate to BuyerOrders,mobile-native/src/navigation/AppNavigator.tsx,BuyerOrdersScreen,native_screen,BuyerOrders,native_screen,BuyerOrders,,,PASS,Registered native stack screen; workflow parity still depends on surface-specific blockers.
Navigation / Routing,Root stack,Navigate to BuyerOrderDetail,mobile-native/src/navigation/AppNavigator.tsx,BuyerOrdersScreen,native_screen,BuyerOrderDetail,native_screen,BuyerOrderDetail,,,PASS,Registered native stack screen; workflow parity still depends on surface-specific blockers.
Navigation / Routing,Root stack,Navigate to BuyerPurchases,mobile-native/src/navigation/AppNavigator.tsx,BuyerOrdersScreen,native_screen,BuyerPurchases,native_screen,BuyerPurchases,,,PASS,Registered native stack screen; workflow parity still depends on surface-specific blockers.
Navigation / Routing,Root stack,Navigate to BuyerOrdersDashboard,mobile-native/src/navigation/AppNavigator.tsx,BuyerOrdersScreen,native_screen,BuyerOrdersDashboard,native_screen,BuyerOrdersDashboard,,,PASS,Registered native stack screen; workflow parity still depends on surface-specific blockers.
Navigation / Routing,Root stack,Navigate to MerchantApply,mobile-native/src/navigation/AppNavigator.tsx,SellerStoreScreen,native_screen,MerchantApply,native_screen,MerchantApply,,,PASS,Registered native stack screen; workflow parity still depends on surface-specific blockers.
Navigation / Routing,Root stack,Navigate to MerchantDashboard,mobile-native/src/navigation/AppNavigator.tsx,SellerStoreScreen,native_screen,MerchantDashboard,native_screen,MerchantDashboard,,,PASS,Registered native stack screen; workflow parity still depends on surface-specific blockers.
Navigation / Routing,Root stack,Navigate to MerchantProfile,mobile-native/src/navigation/AppNavigator.tsx,SellerStoreScreen,native_screen,MerchantProfile,native_screen,MerchantProfile,,,PASS,Registered native stack screen; workflow parity still depends on surface-specific blockers.
Navigation / Routing,Root stack,Navigate to MarketplaceCreateGateway,mobile-native/src/navigation/AppNavigator.tsx,SellerListingComposerScreen,native_screen,MarketplaceCreateGateway,native_screen,MarketplaceCreateGateway,,,PASS,Registered native stack screen; workflow parity still depends on surface-specific blockers.
Navigation / Routing,Root stack,Navigate to Search,mobile-native/src/navigation/AppNavigator.tsx,SearchScreen,native_screen,Search,native_screen,Search,,,PASS,Registered native stack screen; workflow parity still depends on surface-specific blockers.
Navigation / Routing,Root stack,Navigate to Saved,mobile-native/src/navigation/AppNavigator.tsx,SavedScreen,native_screen,Saved,native_screen,Saved,,,PASS,Registered native stack screen; workflow parity still depends on surface-specific blockers.
Navigation / Routing,Root stack,Navigate to GroupDetail,mobile-native/src/navigation/AppNavigator.tsx,GroupsScreen,native_screen,GroupDetail,native_screen,GroupDetail,,,PASS,Registered native stack screen; workflow parity still depends on surface-specific blockers.
Navigation / Routing,Root stack,Navigate to LiveDetail,mobile-native/src/navigation/AppNavigator.tsx,LiveScreen,native_screen,LiveDetail,native_screen,LiveDetail,,,PASS,Registered native stack screen; workflow parity still depends on surface-specific blockers.
Navigation / Routing,Root stack,Navigate to LiveStudio,mobile-native/src/navigation/AppNavigator.tsx,LiveStudioScreen,native_screen,LiveStudio,native_screen,LiveStudio,,,PASS,Registered native stack screen; workflow parity still depends on surface-specific blockers.
Navigation / Routing,Root stack,Navigate to NativeLiveHost,mobile-native/src/navigation/AppNavigator.tsx,LiveHostSessionScreen,native_screen,NativeLiveHost,native_screen,NativeLiveHost,,,PASS,Registered native stack screen; workflow parity still depends on surface-specific blockers.
Navigation / Routing,Root stack,Navigate to ReplayViewer,mobile-native/src/navigation/AppNavigator.tsx,ReplayViewerScreen,native_screen,ReplayViewer,native_screen,ReplayViewer,,,PASS,Registered native stack screen; workflow parity still depends on surface-specific blockers.
Navigation / Routing,Root stack,Navigate to Events,mobile-native/src/navigation/AppNavigator.tsx,EventsScreen,native_screen,Events,native_screen,Events,,,PASS,Registered native stack screen; workflow parity still depends on surface-specific blockers.
Navigation / Routing,Root stack,Navigate to EventDetail,mobile-native/src/navigation/AppNavigator.tsx,EventsScreen,native_screen,EventDetail,native_screen,EventDetail,,,PASS,Registered native stack screen; workflow parity still depends on surface-specific blockers.
Navigation / Routing,Root stack,Navigate to LiveScheduleGateway,mobile-native/src/navigation/AppNavigator.tsx,EventsScreen,native_screen,LiveScheduleGateway,native_screen,LiveScheduleGateway,,,PASS,Registered native stack screen; workflow parity still depends on surface-specific blockers.
Navigation / Routing,Root stack,Navigate to LiveEventCreateGateway,mobile-native/src/navigation/AppNavigator.tsx,EventsScreen,native_screen,LiveEventCreateGateway,native_screen,LiveEventCreateGateway,,,PASS,Registered native stack screen; workflow parity still depends on surface-specific blockers.
Navigation / Routing,Root stack,Navigate to ProfileDetail,mobile-native/src/navigation/AppNavigator.tsx,ProfileScreen,native_screen,ProfileDetail,native_screen,ProfileDetail,,,PASS,Registered native stack screen; workflow parity still depends on surface-specific blockers.
Navigation / Routing,Root stack,Navigate to ProfileEdit,mobile-native/src/navigation/AppNavigator.tsx,ProfileEditScreen,native_screen,ProfileEdit,native_screen,ProfileEdit,,,PASS,Registered native stack screen; workflow parity still depends on surface-specific blockers.
Navigation / Routing,Root stack,Navigate to Premium,mobile-native/src/navigation/AppNavigator.tsx,PremiumScreen,native_screen,Premium,native_screen,Premium,,,PASS,Registered native stack screen; workflow parity still depends on surface-specific blockers.
Navigation / Routing,Root stack,Navigate to CreatorStudio,mobile-native/src/navigation/AppNavigator.tsx,CreatorStudioScreen,native_screen,CreatorStudio,native_screen,CreatorStudio,,,PASS,Registered native stack screen; workflow parity still depends on surface-specific blockers.
Navigation / Routing,Root stack,Navigate to CreatorStudioAlias,mobile-native/src/navigation/AppNavigator.tsx,CreatorStudioScreen,native_screen,CreatorStudioAlias,native_screen,CreatorStudioAlias,,,PASS,Registered native stack screen; workflow parity still depends on surface-specific blockers.
Navigation / Routing,Root stack,Navigate to ContentPlanner,mobile-native/src/navigation/AppNavigator.tsx,ContentPlannerScreen,native_screen,ContentPlanner,native_screen,ContentPlanner,,,PASS,Registered native stack screen; workflow parity still depends on surface-specific blockers.
Navigation / Routing,Root stack,Navigate to ContentPlannerWeb,mobile-native/src/navigation/AppNavigator.tsx,ContentPlannerScreen,native_screen,ContentPlannerWeb,native_screen,ContentPlannerWeb,,,PASS,Registered native stack screen; workflow parity still depends on surface-specific blockers.
Navigation / Routing,Root stack,Navigate to ContentPlannerPulseAlias,mobile-native/src/navigation/AppNavigator.tsx,ContentPlannerScreen,native_screen,ContentPlannerPulseAlias,native_screen,ContentPlannerPulseAlias,,,PASS,Registered native stack screen; workflow parity still depends on surface-specific blockers.
Navigation / Routing,Root stack,Navigate to PostScheduler,mobile-native/src/navigation/AppNavigator.tsx,ContentPlannerScreen,native_screen,PostScheduler,native_screen,PostScheduler,,,PASS,Registered native stack screen; workflow parity still depends on surface-specific blockers.
Navigation / Routing,Root stack,Navigate to PostSchedulerPulseAlias,mobile-native/src/navigation/AppNavigator.tsx,ContentPlannerScreen,native_screen,PostSchedulerPulseAlias,native_screen,PostSchedulerPulseAlias,,,PASS,Registered native stack screen; workflow parity still depends on surface-specific blockers.
Navigation / Routing,Root stack,Navigate to DraftStudio,mobile-native/src/navigation/AppNavigator.tsx,ContentPlannerScreen,native_screen,DraftStudio,native_screen,DraftStudio,,,PASS,Registered native stack screen; workflow parity still depends on surface-specific blockers.
Navigation / Routing,Root stack,Navigate to DraftStudioPulseAlias,mobile-native/src/navigation/AppNavigator.tsx,ContentPlannerScreen,native_screen,DraftStudioPulseAlias,native_screen,DraftStudioPulseAlias,,,PASS,Registered native stack screen; workflow parity still depends on surface-specific blockers.
Navigation / Routing,Root stack,Navigate to Courses,mobile-native/src/navigation/AppNavigator.tsx,CoursesLearningScreen,native_screen,Courses,native_screen,Courses,,,PASS,Registered native stack screen; workflow parity still depends on surface-specific blockers.
Navigation / Routing,Root stack,Navigate to CourseDetail,mobile-native/src/navigation/AppNavigator.tsx,CoursesLearningScreen,native_screen,CourseDetail,native_screen,CourseDetail,,,PASS,Registered native stack screen; workflow parity still depends on surface-specific blockers.
Navigation / Routing,Root stack,Navigate to LearningLessonDetail,mobile-native/src/navigation/AppNavigator.tsx,CoursesLearningScreen,native_screen,LearningLessonDetail,native_screen,LearningLessonDetail,,,PASS,Registered native stack screen; workflow parity still depends on surface-specific blockers.
Navigation / Routing,Root stack,Navigate to TeacherProfileGateway,mobile-native/src/navigation/AppNavigator.tsx,CoursesLearningScreen,native_screen,TeacherProfileGateway,native_screen,TeacherProfileGateway,,,PASS,Registered native stack screen; workflow parity still depends on surface-specific blockers.
Navigation / Routing,Root stack,Navigate to TeacherDashboardGateway,mobile-native/src/navigation/AppNavigator.tsx,CoursesLearningScreen,native_screen,TeacherDashboardGateway,native_screen,TeacherDashboardGateway,,,PASS,Registered native stack screen; workflow parity still depends on surface-specific blockers.
Navigation / Routing,Root stack,Navigate to GrowthCenter,mobile-native/src/navigation/AppNavigator.tsx,GrowthCenterScreen,native_screen,GrowthCenter,native_screen,GrowthCenter,,,PASS,Registered native stack screen; workflow parity still depends on surface-specific blockers.
Navigation / Routing,Root stack,Navigate to IntelligenceCenter,mobile-native/src/navigation/AppNavigator.tsx,IntelligenceCenterScreen,native_screen,IntelligenceCenter,native_screen,IntelligenceCenter,,,PASS,Registered native stack screen; workflow parity still depends on surface-specific blockers.
Navigation / Routing,Root stack,Navigate to AlertManagement,mobile-native/src/navigation/AppNavigator.tsx,AlertManagementScreen,native_screen,AlertManagement,native_screen,AlertManagement,,,PASS,Registered native stack screen; workflow parity still depends on surface-specific blockers.
Navigation / Routing,Root stack,Navigate to CryptoAlertManagement,mobile-native/src/navigation/AppNavigator.tsx,AlertManagementScreen,native_screen,CryptoAlertManagement,native_screen,CryptoAlertManagement,,,PASS,Registered native stack screen; workflow parity still depends on surface-specific blockers.
Navigation / Routing,Root stack,Navigate to AccountCenter,mobile-native/src/navigation/AppNavigator.tsx,AccountCenterScreen,native_screen,AccountCenter,native_screen,AccountCenter,,,PASS,Registered native stack screen; workflow parity still depends on surface-specific blockers.
Navigation / Routing,Root stack,Navigate to AccountSettings,mobile-native/src/navigation/AppNavigator.tsx,AccountCenterScreen,native_screen,AccountSettings,native_screen,AccountSettings,,,PASS,Registered native stack screen; workflow parity still depends on surface-specific blockers.
Navigation / Routing,Root stack,Navigate to AccountSecurity,mobile-native/src/navigation/AppNavigator.tsx,AccountCenterScreen,native_screen,AccountSecurity,native_screen,AccountSecurity,,,PASS,Registered native stack screen; workflow parity still depends on surface-specific blockers.
Navigation / Routing,Root stack,Navigate to AccountWebSettings,mobile-native/src/navigation/AppNavigator.tsx,AccountCenterScreen,native_screen,AccountWebSettings,native_screen,AccountWebSettings,,,PASS,Registered native stack screen; workflow parity still depends on surface-specific blockers.
Navigation / Routing,Root stack,Navigate to AccountWebSecurity,mobile-native/src/navigation/AppNavigator.tsx,AccountCenterScreen,native_screen,AccountWebSecurity,native_screen,AccountWebSecurity,,,PASS,Registered native stack screen; workflow parity still depends on surface-specific blockers.
Navigation / Routing,Root stack,Navigate to AccountPrivacy,mobile-native/src/navigation/AppNavigator.tsx,AccountCenterScreen,native_screen,AccountPrivacy,native_screen,AccountPrivacy,,,PASS,Registered native stack screen; workflow parity still depends on surface-specific blockers.
Navigation / Routing,Root stack,Navigate to AccountDevices,mobile-native/src/navigation/AppNavigator.tsx,AccountCenterScreen,native_screen,AccountDevices,native_screen,AccountDevices,,,PASS,Registered native stack screen; workflow parity still depends on surface-specific blockers.
Navigation / Routing,Root stack,Navigate to AccountHealth,mobile-native/src/navigation/AppNavigator.tsx,AccountHealthAppealsScreen,native_screen,AccountHealth,native_screen,AccountHealth,,,PASS,Registered native stack screen; workflow parity still depends on surface-specific blockers.
Navigation / Routing,Root stack,Navigate to AccountHealthWeb,mobile-native/src/navigation/AppNavigator.tsx,AccountHealthAppealsScreen,native_screen,AccountHealthWeb,native_screen,AccountHealthWeb,,,PASS,Registered native stack screen; workflow parity still depends on surface-specific blockers.
Navigation / Routing,Root stack,Navigate to SafetyHub,mobile-native/src/navigation/AppNavigator.tsx,SafetyHubScreen,native_screen,SafetyHub,native_screen,SafetyHub,,,PASS,Registered native stack screen; workflow parity still depends on surface-specific blockers.
Navigation / Routing,Root stack,Navigate to SafetyWebHub,mobile-native/src/navigation/AppNavigator.tsx,SafetyHubScreen,native_screen,SafetyWebHub,native_screen,SafetyWebHub,,,PASS,Registered native stack screen; workflow parity still depends on surface-specific blockers.
Navigation / Routing,Root stack,Navigate to TrustSafety,mobile-native/src/navigation/AppNavigator.tsx,TrustSafetyScreen,native_screen,TrustSafety,native_screen,TrustSafety,,,PASS,Registered native stack screen; workflow parity still depends on surface-specific blockers.
Navigation / Routing,Root stack,Navigate to TrustSafetySupport,mobile-native/src/navigation/AppNavigator.tsx,TrustSafetyScreen,native_screen,TrustSafetySupport,native_screen,TrustSafetySupport,,,PASS,Registered native stack screen; workflow parity still depends on surface-specific blockers.
Navigation / Routing,Root stack,Navigate to TrustSafetyHelp,mobile-native/src/navigation/AppNavigator.tsx,TrustSafetyScreen,native_screen,TrustSafetyHelp,native_screen,TrustSafetyHelp,,,PASS,Registered native stack screen; workflow parity still depends on surface-specific blockers.
Navigation / Routing,Root stack,Navigate to TrustCenter,mobile-native/src/navigation/AppNavigator.tsx,TrustSafetyScreen,native_screen,TrustCenter,native_screen,TrustCenter,,,PASS,Registered native stack screen; workflow parity still depends on surface-specific blockers.
Navigation / Routing,Root stack,Navigate to SecurityReport,mobile-native/src/navigation/AppNavigator.tsx,TrustSafetyScreen,native_screen,SecurityReport,native_screen,SecurityReport,,,PASS,Registered native stack screen; workflow parity still depends on surface-specific blockers.
Navigation / Routing,Root stack,Navigate to ScamShield,mobile-native/src/navigation/AppNavigator.tsx,TrustSafetyScreen,native_screen,ScamShield,native_screen,ScamShield,,,PASS,Registered native stack screen; workflow parity still depends on surface-specific blockers.
Navigation / Routing,Root stack,Navigate to VerificationCenter,mobile-native/src/navigation/AppNavigator.tsx,VerificationCenterScreen,native_screen,VerificationCenter,native_screen,VerificationCenter,,,PASS,Registered native stack screen; workflow parity still depends on surface-specific blockers.
Navigation / Routing,Root stack,Navigate to VerificationWebCenter,mobile-native/src/navigation/AppNavigator.tsx,VerificationCenterScreen,native_screen,VerificationWebCenter,native_screen,VerificationWebCenter,,,PASS,Registered native stack screen; workflow parity still depends on surface-specific blockers.
Navigation / Routing,Root stack,Navigate to ActivityInbox,mobile-native/src/navigation/AppNavigator.tsx,ActivityInboxScreen,native_screen,ActivityInbox,native_screen,ActivityInbox,,,PASS,Registered native stack screen; workflow parity still depends on surface-specific blockers.
Navigation / Routing,Root stack,Navigate to ActivityInboxLegacyInbox,mobile-native/src/navigation/AppNavigator.tsx,ActivityInboxScreen,native_screen,ActivityInboxLegacyInbox,native_screen,ActivityInboxLegacyInbox,,,PASS,Registered native stack screen; workflow parity still depends on surface-specific blockers.
Navigation / Routing,Root stack,Navigate to ActivityInboxWebActivity,mobile-native/src/navigation/AppNavigator.tsx,ActivityInboxScreen,native_screen,ActivityInboxWebActivity,native_screen,ActivityInboxWebActivity,,,PASS,Registered native stack screen; workflow parity still depends on surface-specific blockers.
Navigation / Routing,Root stack,Navigate to ActivityInboxWebInbox,mobile-native/src/navigation/AppNavigator.tsx,ActivityInboxScreen,native_screen,ActivityInboxWebInbox,native_screen,ActivityInboxWebInbox,,,PASS,Registered native stack screen; workflow parity still depends on surface-specific blockers.
Navigation / Routing,Root stack,Navigate to NotificationCenter,mobile-native/src/navigation/AppNavigator.tsx,NotificationCenterScreen,native_screen,NotificationCenter,native_screen,NotificationCenter,,,PASS,Registered native stack screen; workflow parity still depends on surface-specific blockers.
Navigation / Routing,Root stack,Navigate to NotificationPreferences,mobile-native/src/navigation/AppNavigator.tsx,NotificationPreferencesScreen,native_screen,NotificationPreferences,native_screen,NotificationPreferences,,,PASS,Registered native stack screen; workflow parity still depends on surface-specific blockers.
Navigation / Routing,Root stack,Navigate to RegionTime,mobile-native/src/navigation/AppNavigator.tsx,RegionTimeScreen,native_screen,RegionTime,native_screen,RegionTime,,,PASS,Registered native stack screen; workflow parity still depends on surface-specific blockers.
Dashboard,dashboardRouting,Open dashboard module/action card,mobile-native/src/navigation/dashboardRouting.ts,dashboardRouting,SAFE_WEB_FALLBACK,Web/fallback/test expectation,native_route_or_mutation,"Resolve the user journey inside native PulseSoc without WebView, external browser, inert fallback, or misleading unsupported copy.",NRB-001,P1,BLOCKED,Shared dashboard route classifier and module shells still permit safe web fallback semantics.
Dashboard,dashboardRouting,Open dashboard module/action card,mobile-native/src/navigation/dashboardRouting.ts,dashboardRouting,SAFE_WEB_FALLBACK,Web/fallback/test expectation,native_route_or_mutation,"Resolve the user journey inside native PulseSoc without WebView, external browser, inert fallback, or misleading unsupported copy.",NRB-002,P1,BLOCKED,Shared dashboard route classifier and module shells still permit safe web fallback semantics.
Dashboard,dashboardRouting,Open dashboard module/action card,mobile-native/src/navigation/dashboardRouting.ts,dashboardRouting,SAFE_WEB_FALLBACK,Web/fallback/test expectation,native_route_or_mutation,"Resolve the user journey inside native PulseSoc without WebView, external browser, inert fallback, or misleading unsupported copy.",NRB-003,P1,BLOCKED,Shared dashboard route classifier and module shells still permit safe web fallback semantics.
Dashboard,dashboardRouting,Open dashboard module/action card,mobile-native/src/navigation/dashboardRouting.ts,dashboardRouting,SAFE_WEB_FALLBACK,Web/fallback/test expectation,native_route_or_mutation,"Resolve the user journey inside native PulseSoc without WebView, external browser, inert fallback, or misleading unsupported copy.",NRB-004,P1,BLOCKED,Shared dashboard route classifier and module shells still permit safe web fallback semantics.
Dashboard,dashboardRouting,Open dashboard module/action card,mobile-native/src/navigation/dashboardRouting.ts,dashboardRouting,SAFE_WEB_FALLBACK,Web/fallback/test expectation,native_route_or_mutation,"Resolve the user journey inside native PulseSoc without WebView, external browser, inert fallback, or misleading unsupported copy.",NRB-005,P1,BLOCKED,Shared dashboard route classifier and module shells still permit safe web fallback semantics.
Dashboard,dashboardRouting,Open dashboard module/action card,mobile-native/src/navigation/dashboardRouting.ts,dashboardRouting,SAFE_WEB_FALLBACK,Web/fallback/test expectation,native_route_or_mutation,"Resolve the user journey inside native PulseSoc without WebView, external browser, inert fallback, or misleading unsupported copy.",NRB-006,P1,BLOCKED,Shared dashboard route classifier and module shells still permit safe web fallback semantics.
Dashboard,dashboardRouting,Open dashboard module/action card,mobile-native/src/navigation/dashboardRouting.ts,dashboardRouting,DIRECT_WEB_EXIT,Web/fallback/test expectation,native_route_or_mutation,"Resolve the user journey inside native PulseSoc without WebView, external browser, inert fallback, or misleading unsupported copy.",NRB-007,P1,BLOCKED,Shared dashboard route classifier and module shells still permit safe web fallback semantics.
Legal / Privacy,masterNavigation,Open Terms or Privacy from drawer/notification,mobile-native/src/navigation/masterNavigation.ts,masterNavigation,SAFE_WEB_FALLBACK,Web/fallback/test expectation,native_route_or_mutation,"Resolve the user journey inside native PulseSoc without WebView, external browser, inert fallback, or misleading unsupported copy.",NRB-008,P2,BLOCKED,Master navigation includes legal fallback entries without native legal document surfaces.
Legal / Privacy,masterNavigation,Open Terms or Privacy from drawer/notification,mobile-native/src/navigation/masterNavigation.ts,masterNavigation,SAFE_WEB_FALLBACK,Web/fallback/test expectation,native_route_or_mutation,"Resolve the user journey inside native PulseSoc without WebView, external browser, inert fallback, or misleading unsupported copy.",NRB-009,P2,BLOCKED,Master navigation includes legal fallback entries without native legal document surfaces.
Notifications,notificationRouting,Tap notification/deep link with unresolved target,mobile-native/src/navigation/notificationRouting.ts,notificationRouting,DIRECT_WEB_EXIT,Web/fallback/test expectation,native_route_or_mutation,"Resolve the user journey inside native PulseSoc without WebView, external browser, inert fallback, or misleading unsupported copy.",NRB-010,P1,BLOCKED,Notification/deep-link resolver still opens intentional legal web targets and falls back unresolved app paths to Activity.
Events,EventsScreen,"Open events, scheduled Live creation, ticketing, or event details",mobile-native/src/screens/EventsScreen.tsx,EventsScreen,SAFE_WEB_FALLBACK,Web/fallback/test expectation,native_route_or_mutation,"Resolve the user journey inside native PulseSoc without WebView, external browser, inert fallback, or misleading unsupported copy.",NRB-011,P2,BLOCKED,Unclassified native web/fallback dependency.
Dashboard,UserDashboardScreen,Open dashboard module/action card,mobile-native/src/screens/UserDashboardScreen.tsx,UserDashboardScreen,SAFE_WEB_FALLBACK,Web/fallback/test expectation,native_route_or_mutation,"Resolve the user journey inside native PulseSoc without WebView, external browser, inert fallback, or misleading unsupported copy.",NRB-012,P1,BLOCKED,Shared dashboard route classifier and module shells still permit safe web fallback semantics.
Dashboard,UserDashboardScreen,Open dashboard module/action card,mobile-native/src/screens/UserDashboardScreen.tsx,UserDashboardScreen,SAFE_WEB_FALLBACK,Web/fallback/test expectation,native_route_or_mutation,"Resolve the user journey inside native PulseSoc without WebView, external browser, inert fallback, or misleading unsupported copy.",NRB-013,P1,BLOCKED,Shared dashboard route classifier and module shells still permit safe web fallback semantics.
Dashboard,UserDashboardScreen,Open dashboard module/action card,mobile-native/src/screens/UserDashboardScreen.tsx,UserDashboardScreen,SAFE_WEB_FALLBACK,Web/fallback/test expectation,native_route_or_mutation,"Resolve the user journey inside native PulseSoc without WebView, external browser, inert fallback, or misleading unsupported copy.",NRB-014,P1,BLOCKED,Shared dashboard route classifier and module shells still permit safe web fallback semantics.
Dashboard,UserDashboardScreen,Open dashboard module/action card,mobile-native/src/screens/UserDashboardScreen.tsx,UserDashboardScreen,SAFE_WEB_FALLBACK,Web/fallback/test expectation,native_route_or_mutation,"Resolve the user journey inside native PulseSoc without WebView, external browser, inert fallback, or misleading unsupported copy.",NRB-015,P1,BLOCKED,Shared dashboard route classifier and module shells still permit safe web fallback semantics.
Authentication,SignupScreen,"Sign up, recover account, or open auth help/legal links",mobile-native/src/screens/SignupScreen.tsx,SignupScreen,DIRECT_WEB_EXIT,Web/fallback/test expectation,native_route_or_mutation,"Resolve the user journey inside native PulseSoc without WebView, external browser, inert fallback, or misleading unsupported copy.",NRB-016,P0,BLOCKED,Signup help/legal path still uses external URL handoff from auth flow.
Live,LiveScreen,Open Live viewer/studio/provider failure state,mobile-native/src/screens/LiveScreen.tsx,LiveScreen,SAFE_WEB_FALLBACK,Web/fallback/test expectation,native_route_or_mutation,"Resolve the user journey inside native PulseSoc without WebView, external browser, inert fallback, or misleading unsupported copy.",NRB-017,P1,BLOCKED,Live viewer still contains web fallback/error path for provider or token failure states.
Live,LiveScreen,Open Live viewer/studio/provider failure state,mobile-native/src/screens/LiveScreen.tsx,LiveScreen,SAFE_WEB_FALLBACK,Web/fallback/test expectation,native_route_or_mutation,"Resolve the user journey inside native PulseSoc without WebView, external browser, inert fallback, or misleading unsupported copy.",NRB-018,P1,BLOCKED,Live viewer still contains web fallback/error path for provider or token failure states.
Live,LiveScreen,Open Live viewer/studio/provider failure state,mobile-native/src/screens/LiveScreen.tsx,LiveScreen,SAFE_WEB_FALLBACK,Web/fallback/test expectation,native_route_or_mutation,"Resolve the user journey inside native PulseSoc without WebView, external browser, inert fallback, or misleading unsupported copy.",NRB-019,P1,BLOCKED,Live viewer still contains web fallback/error path for provider or token failure states.
Courses / Learning,CoursesLearningScreen,"Open course detail, lesson, payment, teacher, or review tools",mobile-native/src/screens/CoursesLearningScreen.tsx,CoursesLearningScreen,SAFE_WEB_FALLBACK,Web/fallback/test expectation,native_route_or_mutation,"Resolve the user journey inside native PulseSoc without WebView, external browser, inert fallback, or misleading unsupported copy.",NRB-020,P1,BLOCKED,"Education/course payments, teacher tools, or unsupported lesson media still rely on web/provider fallback."
Courses / Learning,CoursesLearningScreen,"Open course detail, lesson, payment, teacher, or review tools",mobile-native/src/screens/CoursesLearningScreen.tsx,CoursesLearningScreen,SAFE_WEB_FALLBACK,Web/fallback/test expectation,native_route_or_mutation,"Resolve the user journey inside native PulseSoc without WebView, external browser, inert fallback, or misleading unsupported copy.",NRB-021,P1,BLOCKED,"Education/course payments, teacher tools, or unsupported lesson media still rely on web/provider fallback."
Messages,ChatScreen,Tap UNDX/result link inside conversation,mobile-native/src/screens/ChatScreen.tsx,ChatScreen,DIRECT_WEB_EXIT,Web/fallback/test expectation,native_route_or_mutation,"Resolve the user journey inside native PulseSoc without WebView, external browser, inert fallback, or misleading unsupported copy.",NRB-022,P1,BLOCKED,UNDX/message result action opens a deep link URL rather than resolving a native route.
Search,SearchScreen,Open unsupported discovery tab/result,mobile-native/src/screens/SearchScreen.tsx,SearchScreen,SAFE_WEB_FALLBACK,Web/fallback/test expectation,native_route_or_mutation,"Resolve the user journey inside native PulseSoc without WebView, external browser, inert fallback, or misleading unsupported copy.",NRB-023,P1,BLOCKED,Search/discover contains tab/result categories with no complete native destination.
Search,SearchScreen,Open unsupported discovery tab/result,mobile-native/src/screens/SearchScreen.tsx,SearchScreen,SAFE_WEB_FALLBACK,Web/fallback/test expectation,native_route_or_mutation,"Resolve the user journey inside native PulseSoc without WebView, external browser, inert fallback, or misleading unsupported copy.",NRB-024,P1,BLOCKED,Search/discover contains tab/result categories with no complete native destination.
Search,SearchScreen,Open unsupported discovery tab/result,mobile-native/src/screens/SearchScreen.tsx,SearchScreen,SAFE_WEB_FALLBACK,Web/fallback/test expectation,native_route_or_mutation,"Resolve the user journey inside native PulseSoc without WebView, external browser, inert fallback, or misleading unsupported copy.",NRB-025,P1,BLOCKED,Search/discover contains tab/result categories with no complete native destination.
Camera,CameraStudioScreen,Open advanced camera fallback/provider path,mobile-native/src/screens/CameraStudioScreen.tsx,CameraStudioScreen,DIRECT_WEB_EXIT,Web/fallback/test expectation,native_route_or_mutation,"Resolve the user journey inside native PulseSoc without WebView, external browser, inert fallback, or misleading unsupported copy.",NRB-026,P1,BLOCKED,Camera advanced provider fallback is still an external URL path.
Creator Studio,ContentPlannerScreen,"Open planner, scheduler, draft, growth, or advanced creator operation",mobile-native/src/screens/ContentPlannerScreen.tsx,ContentPlannerScreen,SAFE_WEB_FALLBACK,Web/fallback/test expectation,native_route_or_mutation,"Resolve the user journey inside native PulseSoc without WebView, external browser, inert fallback, or misleading unsupported copy.",NRB-027,P1,BLOCKED,Creator/planner/growth advanced operations lack dedicated native contracts/screens.
UNDX / Intelligence,AlertManagementScreen,Open intelligence provider/admin operation,mobile-native/src/screens/AlertManagementScreen.tsx,AlertManagementScreen,SAFE_WEB_FALLBACK,Web/fallback/test expectation,native_route_or_mutation,"Resolve the user journey inside native PulseSoc without WebView, external browser, inert fallback, or misleading unsupported copy.",NRB-028,P1,BLOCKED,Intelligence provider/admin operations are represented as native shells with fallback actions.
Marketplace / Commerce,SellerStoreScreen,"Open checkout, payout, fulfillment, order receipt, dispute, seller provider action",mobile-native/src/screens/SellerStoreScreen.tsx,SellerStoreScreen,SAFE_WEB_FALLBACK,Web/fallback/test expectation,native_route_or_mutation,"Resolve the user journey inside native PulseSoc without WebView, external browser, inert fallback, or misleading unsupported copy.",NRB-029,P0,BLOCKED,"Commerce provider-owned checkout, payout, fulfillment, disputes, and receipts still return web/provider URLs."
Marketplace / Commerce,SellerStoreScreen,"Open checkout, payout, fulfillment, order receipt, dispute, seller provider action",mobile-native/src/screens/SellerStoreScreen.tsx,SellerStoreScreen,DIRECT_WEB_EXIT,Web/fallback/test expectation,native_route_or_mutation,"Resolve the user journey inside native PulseSoc without WebView, external browser, inert fallback, or misleading unsupported copy.",NRB-030,P0,BLOCKED,"Commerce provider-owned checkout, payout, fulfillment, disputes, and receipts still return web/provider URLs."
Dashboard,DashboardModuleDetailScreen,Open dashboard module/action card,mobile-native/src/screens/DashboardModuleDetailScreen.tsx,DashboardModuleDetailScreen,SAFE_WEB_FALLBACK,Web/fallback/test expectation,native_route_or_mutation,"Resolve the user journey inside native PulseSoc without WebView, external browser, inert fallback, or misleading unsupported copy.",NRB-031,P1,BLOCKED,Shared dashboard route classifier and module shells still permit safe web fallback semantics.
Ads / Promotions,SponsoredAdCard,Tap sponsored ad destination,mobile-native/src/components/SponsoredAdCard.tsx,SponsoredAdCard,DIRECT_WEB_EXIT,Web/fallback/test expectation,native_route_or_mutation,"Resolve the user journey inside native PulseSoc without WebView, external browser, inert fallback, or misleading unsupported copy.",NRB-032,P2,BLOCKED,Sponsored ad click contract returns external destination URLs with no native policy wrapper.
Account / Security,account,Open account/security/account-health web-managed action,mobile-native/src/api/account.ts,account,DIRECT_WEB_EXIT,Web/fallback/test expectation,native_route_or_mutation,"Resolve the user journey inside native PulseSoc without WebView, external browser, inert fallback, or misleading unsupported copy.",NRB-033,P0,BLOCKED,Account/security sensitive routes retain web handoff helpers.
Premium / Subscriptions,premium,Start premium checkout or billing portal,mobile-native/src/api/premium.ts,premium,DIRECT_WEB_EXIT,Web/fallback/test expectation,native_route_or_mutation,"Resolve the user journey inside native PulseSoc without WebView, external browser, inert fallback, or misleading unsupported copy.",NRB-034,P0,BLOCKED,Premium checkout and billing portal use provider web URLs without an in-app native purchase path.
Premium / Subscriptions,premium,Start premium checkout or billing portal,mobile-native/src/api/premium.ts,premium,DIRECT_WEB_EXIT,Web/fallback/test expectation,native_route_or_mutation,"Resolve the user journey inside native PulseSoc without WebView, external browser, inert fallback, or misleading unsupported copy.",NRB-035,P0,BLOCKED,Premium checkout and billing portal use provider web URLs without an in-app native purchase path.
Account / Security,accountHealth,Open account/security/account-health web-managed action,mobile-native/src/api/accountHealth.ts,accountHealth,DIRECT_WEB_EXIT,Web/fallback/test expectation,native_route_or_mutation,"Resolve the user journey inside native PulseSoc without WebView, external browser, inert fallback, or misleading unsupported copy.",NRB-036,P0,BLOCKED,Account/security sensitive routes retain web handoff helpers.
Calls,calls,Start/resume provider call route requiring fallback,mobile-native/src/api/calls.ts,calls,DIRECT_WEB_EXIT,Web/fallback/test expectation,native_route_or_mutation,"Resolve the user journey inside native PulseSoc without WebView, external browser, inert fallback, or misleading unsupported copy.",NRB-037,P1,BLOCKED,Call provider join fallback can open a provider URL instead of a fully native call surface.
Courses / Learning,learning,"Open course detail, lesson, payment, teacher, or review tools",mobile-native/src/api/learning.ts,learning,DIRECT_WEB_EXIT,Web/fallback/test expectation,native_route_or_mutation,"Resolve the user journey inside native PulseSoc without WebView, external browser, inert fallback, or misleading unsupported copy.",NRB-038,P1,BLOCKED,"Education/course payments, teacher tools, or unsupported lesson media still rely on web/provider fallback."
Creator Studio,creator,"Open planner, scheduler, draft, growth, or advanced creator operation",mobile-native/src/api/creator.ts,creator,DIRECT_WEB_EXIT,Web/fallback/test expectation,native_route_or_mutation,"Resolve the user journey inside native PulseSoc without WebView, external browser, inert fallback, or misleading unsupported copy.",NRB-039,P1,BLOCKED,Creator/planner/growth advanced operations lack dedicated native contracts/screens.
Trust / Safety,safety,Open report/safety flow that returns web fallback required,mobile-native/src/api/safety.ts,safety,SAFE_WEB_FALLBACK,Web/fallback/test expectation,native_route_or_mutation,"Resolve the user journey inside native PulseSoc without WebView, external browser, inert fallback, or misleading unsupported copy.",NRB-040,P1,BLOCKED,Safety/report flows include server-managed web fallback statuses and helper URL opening.
Trust / Safety,safety,Open report/safety flow that returns web fallback required,mobile-native/src/api/safety.ts,safety,SAFE_WEB_FALLBACK,Web/fallback/test expectation,native_route_or_mutation,"Resolve the user journey inside native PulseSoc without WebView, external browser, inert fallback, or misleading unsupported copy.",NRB-041,P1,BLOCKED,Safety/report flows include server-managed web fallback statuses and helper URL opening.
Trust / Safety,safety,Open report/safety flow that returns web fallback required,mobile-native/src/api/safety.ts,safety,DIRECT_WEB_EXIT,Web/fallback/test expectation,native_route_or_mutation,"Resolve the user journey inside native PulseSoc without WebView, external browser, inert fallback, or misleading unsupported copy.",NRB-042,P1,BLOCKED,Safety/report flows include server-managed web fallback statuses and helper URL opening.
Marketplace / Commerce,marketplace,"Open checkout, payout, fulfillment, order receipt, dispute, seller provider action",mobile-native/src/api/marketplace.ts,marketplace,DIRECT_WEB_EXIT,Web/fallback/test expectation,native_route_or_mutation,"Resolve the user journey inside native PulseSoc without WebView, external browser, inert fallback, or misleading unsupported copy.",NRB-043,P0,BLOCKED,"Commerce provider-owned checkout, payout, fulfillment, disputes, and receipts still return web/provider URLs."
Marketplace / Commerce,marketplace,"Open checkout, payout, fulfillment, order receipt, dispute, seller provider action",mobile-native/src/api/marketplace.ts,marketplace,DIRECT_WEB_EXIT,Web/fallback/test expectation,native_route_or_mutation,"Resolve the user journey inside native PulseSoc without WebView, external browser, inert fallback, or misleading unsupported copy.",NRB-044,P0,BLOCKED,"Commerce provider-owned checkout, payout, fulfillment, disputes, and receipts still return web/provider URLs."
Live,live,Open Live viewer/studio/provider failure state,mobile-native/src/api/live.ts,live,DIRECT_WEB_EXIT,Web/fallback/test expectation,native_route_or_mutation,"Resolve the user journey inside native PulseSoc without WebView, external browser, inert fallback, or misleading unsupported copy.",NRB-045,P1,BLOCKED,Live viewer still contains web fallback/error path for provider or token failure states.
Dashboard,dashboardLiveState,Open dashboard module/action card,mobile-native/src/api/dashboardLiveState.ts,dashboardLiveState,SAFE_WEB_FALLBACK,Web/fallback/test expectation,native_route_or_mutation,"Resolve the user journey inside native PulseSoc without WebView, external browser, inert fallback, or misleading unsupported copy.",NRB-046,P1,BLOCKED,Shared dashboard route classifier and module shells still permit safe web fallback semantics.
Dashboard,dashboardLiveState,Open dashboard module/action card,mobile-native/src/api/dashboardLiveState.ts,dashboardLiveState,SAFE_WEB_FALLBACK,Web/fallback/test expectation,native_route_or_mutation,"Resolve the user journey inside native PulseSoc without WebView, external browser, inert fallback, or misleading unsupported copy.",NRB-047,P1,BLOCKED,Shared dashboard route classifier and module shells still permit safe web fallback semantics.
Dashboard,dashboardLiveState,Open dashboard module/action card,mobile-native/src/api/dashboardLiveState.ts,dashboardLiveState,SAFE_WEB_FALLBACK,Web/fallback/test expectation,native_route_or_mutation,"Resolve the user journey inside native PulseSoc without WebView, external browser, inert fallback, or misleading unsupported copy.",NRB-048,P1,BLOCKED,Shared dashboard route classifier and module shells still permit safe web fallback semantics.
Dashboard,dashboardLiveState,Open dashboard module/action card,mobile-native/src/api/dashboardLiveState.ts,dashboardLiveState,SAFE_WEB_FALLBACK,Web/fallback/test expectation,native_route_or_mutation,"Resolve the user journey inside native PulseSoc without WebView, external browser, inert fallback, or misleading unsupported copy.",NRB-049,P1,BLOCKED,Shared dashboard route classifier and module shells still permit safe web fallback semantics.
Creator Studio,growth,"Open planner, scheduler, draft, growth, or advanced creator operation",mobile-native/src/api/growth.ts,growth,DIRECT_WEB_EXIT,Web/fallback/test expectation,native_route_or_mutation,"Resolve the user journey inside native PulseSoc without WebView, external browser, inert fallback, or misleading unsupported copy.",NRB-050,P1,BLOCKED,Creator/planner/growth advanced operations lack dedicated native contracts/screens.
Marketplace / Commerce,orders,"Open checkout, payout, fulfillment, order receipt, dispute, seller provider action",mobile-native/src/api/orders.ts,orders,DIRECT_WEB_EXIT,Web/fallback/test expectation,native_route_or_mutation,"Resolve the user journey inside native PulseSoc without WebView, external browser, inert fallback, or misleading unsupported copy.",NRB-051,P0,BLOCKED,"Commerce provider-owned checkout, payout, fulfillment, disputes, and receipts still return web/provider URLs."
UNDX / Intelligence,intelligence,Open intelligence provider/admin operation,mobile-native/src/api/intelligence.ts,intelligence,DIRECT_WEB_EXIT,Web/fallback/test expectation,native_route_or_mutation,"Resolve the user journey inside native PulseSoc without WebView, external browser, inert fallback, or misleading unsupported copy.",NRB-052,P1,BLOCKED,Intelligence provider/admin operations are represented as native shells with fallback actions.
Events,events,"Open events, scheduled Live creation, ticketing, or event details",mobile-native/src/api/events.ts,events,DIRECT_WEB_EXIT,Web/fallback/test expectation,native_route_or_mutation,"Resolve the user journey inside native PulseSoc without WebView, external browser, inert fallback, or misleading unsupported copy.",NRB-053,P2,BLOCKED,Event/schedule/create routes still open production web paths.
Help / Support,support,Open support route helper,mobile-native/src/api/support.ts,support,DIRECT_WEB_EXIT,Web/fallback/test expectation,native_route_or_mutation,"Resolve the user journey inside native PulseSoc without WebView, external browser, inert fallback, or misleading unsupported copy.",NRB-054,P2,BLOCKED,Support/help routes still open production web paths.
Legal / Privacy,routeResolution.test,Open Terms or Privacy from drawer/notification,mobile-native/src/navigation/__tests__/routeResolution.test.ts,routeResolution.test,STALE_TEST,Web/fallback/test expectation,native_route_or_mutation,"Resolve the user journey inside native PulseSoc without WebView, external browser, inert fallback, or misleading unsupported copy.",NRB-055,P3,TEST_ONLY,Test suite codifies safe web fallback expectations that are obsolete for native-only replacement.
Navigation / Routing,routeResolution.test,Route unresolved internal production path,mobile-native/src/navigation/__tests__/routeResolution.test.ts,routeResolution.test,STALE_TEST,Web/fallback/test expectation,native_route_or_mutation,"Resolve the user journey inside native PulseSoc without WebView, external browser, inert fallback, or misleading unsupported copy.",NRB-056,P3,TEST_ONLY,Test suite codifies safe web fallback expectations that are obsolete for native-only replacement.
Notifications,notificationRouting.test,Tap notification/deep link with unresolved target,mobile-native/src/navigation/__tests__/notificationRouting.test.ts,notificationRouting.test,STALE_TEST,Web/fallback/test expectation,native_route_or_mutation,"Resolve the user journey inside native PulseSoc without WebView, external browser, inert fallback, or misleading unsupported copy.",NRB-057,P3,TEST_ONLY,Notification/deep-link resolver still opens intentional legal web targets and falls back unresolved app paths to Activity.
Home,simulator-current-state,Open Home on booted iPhone simulator,reports/screenshots/native-release-readiness-2026-07-20/simulator-current-state.png,simulator-current-state,PARTIAL_NATIVE_FLOW,Native partial/incomplete state,native_route_or_mutation,Composer and feed content must clear the dock and safe area on compact/pro devices.,NRB-058,P0,BLOCKED,Home release blocker outside the original static 57.
Authentication,git status,Launch or sign in with real account,git status,git status,AUTH_SESSION_GAP,Native partial/incomplete state,native_route_or_mutation,Real-account login/session restore must be stable and committed intentionally.,NRB-059,P0,BLOCKED,Authentication release blocker outside the original static 57.
Release configuration,pulsesoc_native_app_foundation_audit,Run release gates,scripts/pulsesoc_native_app_foundation_audit.py,pulsesoc_native_app_foundation_audit,STALE_AUDIT,Native partial/incomplete state,native_route_or_mutation,Audit must pass or be replaced by more precise native-only blocker gate.,NRB-060,P0,BLOCKED,Release configuration release blocker outside the original static 57.
Live,pulsesoc_native_live_audit,Run release gates,scripts/pulsesoc_native_live_audit.py,pulsesoc_native_live_audit,STALE_AUDIT,Native partial/incomplete state,native_route_or_mutation,Audit should validate current native LiveKit flow and provider boundaries.,NRB-061,P2,BLOCKED,Live release blocker outside the original static 57.
Release configuration,pulsesoc_native_feature_parity_audit,Run release gates,scripts/pulsesoc_native_feature_parity_audit.py,pulsesoc_native_feature_parity_audit,STALE_AUDIT,Native partial/incomplete state,native_route_or_mutation,Audit should verify current blocker inventory and release gates.,NRB-062,P2,BLOCKED,Release configuration release blocker outside the original static 57.
Background services,pulsesoc_native_release_readiness_2026-07-20,"Use calls, Live, camera, mic, push, Bluetooth, background audio",reports/pulsesoc_native_release_readiness_2026-07-20.md,pulsesoc_native_release_readiness_2026-07-20,PHYSICAL_QA_GAP,Native partial/incomplete state,native_route_or_mutation,Run physical QA matrix before App Store replacement.,NRB-063,P0,BLOCKED,Background services release blocker outside the original static 57.
Release configuration,pulsesoc_native_release_readiness_2026-07-20,Prepare App Store update,reports/pulsesoc_native_release_readiness_2026-07-20.md,pulsesoc_native_release_readiness_2026-07-20,RELEASE_CONFIG_GAP,Native partial/incomplete state,native_route_or_mutation,Complete Apple-side prerequisites only after technical NO-GO blockers are eliminated.,NRB-064,P0,BLOCKED,Release configuration release blocker outside the original static 57.
Search,SearchScreen,Search categories with no groups/native destinations,mobile-native/src/screens/SearchScreen.tsx,SearchScreen,MISSING_NATIVE_SCREEN,Native partial/incomplete state,native_route_or_mutation,Every production search category needs native route and result rendering or truthful production parity boundary.,NRB-065,P1,BLOCKED,Search release blocker outside the original static 57.
Composer,FeedComposer,Open advanced composer options,mobile-native/src/components/FeedComposer.tsx,FeedComposer,PARTIAL_NATIVE_FLOW,Native partial/incomplete state,native_route_or_mutation,All production composer actions need native destination or native server-backed unavailable state.,NRB-066,P1,BLOCKED,Composer release blocker outside the original static 57.
Live,LiveHostSessionScreen,Open host moderation controls,mobile-native/src/screens/LiveHostSessionScreen.tsx,LiveHostSessionScreen,PLACEHOLDER,Native partial/incomplete state,native_route_or_mutation,Host moderation must be native or clear provider-gated release blocker.,NRB-067,P1,BLOCKED,Live release blocker outside the original static 57.
